PRES_51000,WDIR_51000,WSPD_51000,GUST_51000,PRES_51002,WDIR_51002,WSPD_51002,GUST_51002,time,dP_mb,dP_Pa,Ug_ms,Ug_kt,grad_mb_per_1000km,align_51000_deg,align_51002_deg,time_UTC,time_HST
1013.6,90.0,9.7192,13.60688,1010.9,120.0,11.66304,13.60688,2026-10-02 15:40:00+00:00,2.7000000000000455,270.00000000000455,5.280339874753149,10.264135862140161,3.25937031223944,24.0,54.0,2026-10-02 15:40,2026-10-02 05:40
1013.8,90.0,11.66304,13.60688,1011.0,130.0,9.7192,11.66304,2026-10-02 15:50:00+00:00,2.7999999999999545,279.99999999999545,5.475908018262343,10.644289042219073,3.3800877312111592,24.0,64.0,2026-10-02 15:50,2026-10-02 05:50
1013.7,90.0,11.66304,13.60688,1011.1,130.0,9.7192,11.66304,2026-10-02 16:00:00+00:00,2.6000000000000227,260.0000000000023,5.084771731243731,9.883982682060815,3.1386528932675835,24.0,64.0,2026-10-02 16:00,2026-10-02 06:00
1013.8,90.0,13.60688,17.49456,1011.2,130.0,9.7192,11.66304,2026-10-02 16:10:00+00:00,2.599999999999909,259.9999999999909,5.084771731243509,9.883982682060383,3.1386528932674462,24.0,64.0,2026-10-02 16:10,2026-10-02 06:10
1013.8,90.0,13.60688,17.49456,1011.3,130.0,9.7192,11.66304,2026-10-02 16:20:00+00:00,2.5,250.0,4.889203587734315,9.503829501981471,3.017935474295727,24.0,64.0,2026-10-02 16:20,2026-10-02 06:20
1013.8,90.0,13.60688,17.49456,1011.4,130.0,9.7192,11.66304,2026-10-02 16:30:00+00:00,2.3999999999999773,239.99999999999773,4.693635444224897,9.123676321902124,2.8972180553238704,24.0,64.0,2026-10-02 16:30,2026-10-02 06:30
1013.9,90.0,13.60688,15.55072,1011.4,120.0,9.7192,11.66304,2026-10-02 16:40:00+00:00,2.5,250.0,4.889203587734315,9.503829501981471,3.017935474295727,24.0,54.0,2026-10-02 16:40,2026-10-02 06:40
1014.0,90.0,13.60688,15.55072,1011.4,110.0,11.66304,15.55072,2026-10-02 16:50:00+00:00,2.6000000000000227,260.0000000000023,5.084771731243731,9.883982682060815,3.1386528932675835,24.0,44.0,2026-10-02 16:50,2026-10-02 06:50
1014.0,80.0,11.66304,13.60688,1011.5,110.0,13.60688,15.55072,2026-10-02 17:00:00+00:00,2.5,250.0,4.889203587734315,9.503829501981471,3.017935474295727,14.0,44.0,2026-10-02 17:00,2026-10-02 07:00
1014.2,80.0,11.66304,13.60688,1011.7,110.0,11.66304,15.55072,2026-10-02 17:10:00+00:00,2.5,250.0,4.889203587734315,9.503829501981471,3.017935474295727,14.0,44.0,2026-10-02 17:10,2026-10-02 07:10
1014.3,90.0,11.66304,13.60688,1011.8,110.0,13.60688,15.55072,2026-10-02 17:20:00+00:00,2.5,250.0,4.889203587734315,9.503829501981471,3.017935474295727,24.0,44.0,2026-10-02 17:20,2026-10-02 07:20
1014.4,90.0,11.66304,13.60688,1012.0,110.0,11.66304,15.55072,2026-10-02 17:30:00+00:00,2.3999999999999773,239.99999999999773,4.693635444224897,9.123676321902124,2.8972180553238704,24.0,44.0,2026-10-02 17:30,2026-10-02 07:30
1014.5,90.0,11.66304,13.60688,1012.1,110.0,13.60688,15.55072,2026-10-02 17:40:00+00:00,2.3999999999999773,239.99999999999773,4.693635444224897,9.123676321902124,2.8972180553238704,24.0,44.0,2026-10-02 17:40,2026-10-02 07:40
1014.7,90.0,11.66304,13.60688,1012.1,110.0,13.60688,15.55072,2026-10-02 17:50:00+00:00,2.6000000000000227,260.0000000000023,5.084771731243731,9.883982682060815,3.1386528932675835,24.0,44.0,2026-10-02 17:50,2026-10-02 07:50
1014.9,90.0,11.66304,13.60688,1012.3,110.0,13.60688,15.55072,2026-10-02 18:00:00+00:00,2.6000000000000227,260.0000000000023,5.084771731243731,9.883982682060815,3.1386528932675835,24.0,44.0,2026-10-02 18:00,2026-10-02 08:00
1015.0,90.0,11.66304,13.60688,1012.3,110.0,13.60688,15.55072,2026-10-02 18:10:00+00:00,2.7000000000000455,270.00000000000455,5.280339874753149,10.264135862140161,3.25937031223944,24.0,44.0,2026-10-02 18:10,2026-10-02 08:10
1015.2,90.0,11.66304,15.55072,1012.5,110.0,13.60688,15.55072,2026-10-02 18:20:00+00:00,2.7000000000000455,270.00000000000455,5.280339874753149,10.264135862140161,3.25937031223944,24.0,44.0,2026-10-02 18:20,2026-10-02 08:20
1015.2,80.0,11.66304,15.55072,1012.5,110.0,13.60688,15.55072,2026-10-02 18:30:00+00:00,2.7000000000000455,270.00000000000455,5.280339874753149,10.264135862140161,3.25937031223944,14.0,44.0,2026-10-02 18:30,2026-10-02 08:30
1015.2,80.0,11.66304,13.60688,,,,,2026-10-02 18:40:00+00:00,,,,,,14.0,,2026-10-02 18:40,2026-10-02 08:40
,90.0,11.66304,13.60688,1012.6,110.0,13.60688,15.55072,2026-10-02 18:50:00+00:00,,,,,,24.0,44.0,2026-10-02 18:50,2026-10-02 08:50
1015.3,90.0,9.7192,13.60688,1012.6,110.0,13.60688,15.55072,2026-10-02 19:00:00+00:00,2.699999999999932,269.9999999999932,5.280339874752927,10.26413586213973,3.259370312239303,24.0,44.0,2026-10-02 19:00,2026-10-02 09:00
1015.4,90.0,9.7192,11.66304,1012.6,110.0,13.60688,15.55072,2026-10-02 19:10:00+00:00,2.7999999999999545,279.99999999999545,5.475908018262343,10.644289042219073,3.3800877312111592,24.0,44.0,2026-10-02 19:10,2026-10-02 09:10
1015.4,90.0,9.7192,11.66304,1012.7,110.0,13.60688,15.55072,2026-10-02 19:20:00+00:00,2.699999999999932,269.9999999999932,5.280339874752927,10.26413586213973,3.259370312239303,24.0,44.0,2026-10-02 19:20,2026-10-02 09:20
,90.0,9.7192,11.66304,1012.7,110.0,13.60688,17.49456,2026-10-02 19:30:00+00:00,,,,,,24.0,44.0,2026-10-02 19:30,2026-10-02 09:30
1015.5,90.0,9.7192,11.66304,1012.7,110.0,13.60688,15.55072,2026-10-02 19:40:00+00:00,2.7999999999999545,279.99999999999545,5.475908018262343,10.644289042219073,3.3800877312111592,24.0,44.0,2026-10-02 19:40,2026-10-02 09:40
1015.5,90.0,7.77536,11.66304,1012.8,110.0,13.60688,15.55072,2026-10-02 19:50:00+00:00,2.7000000000000455,270.00000000000455,5.280339874753149,10.264135862140161,3.25937031223944,24.0,44.0,2026-10-02 19:50,2026-10-02 09:50
1015.5,90.0,7.77536,9.7192,1012.8,110.0,13.60688,15.55072,2026-10-02 20:00:00+00:00,2.7000000000000455,270.00000000000455,5.280339874753149,10.264135862140161,3.25937031223944,24.0,44.0,2026-10-02 20:00,2026-10-02 10:00
1015.5,70.0,7.77536,11.66304,1012.8,110.0,13.60688,13.60688,2026-10-02 20:10:00+00:00,2.7000000000000455,270.00000000000455,5.280339874753149,10.264135862140161,3.25937031223944,4.0,44.0,2026-10-02 20:10,2026-10-02 10:10
1015.5,60.0,7.77536,9.7192,1012.8,110.0,13.60688,15.55072,2026-10-02 20:20:00+00:00,2.7000000000000455,270.00000000000455,5.280339874753149,10.264135862140161,3.25937031223944,6.0,44.0,2026-10-02 20:20,2026-10-02 10:20
1015.5,70.0,7.77536,9.7192,1012.8,110.0,13.60688,15.55072,2026-10-02 20:30:00+00:00,2.7000000000000455,270.00000000000455,5.280339874753149,10.264135862140161,3.25937031223944,4.0,44.0,2026-10-02 20:30,2026-10-02 10:30
1015.5,80.0,7.77536,9.7192,1012.6,110.0,13.60688,15.55072,2026-10-02 20:40:00+00:00,2.8999999999999773,289.9999999999977,5.671476161771761,11.024442222298418,3.500805150183016,14.0,44.0,2026-10-02 20:40,2026-10-02 10:40
1015.4,90.0,7.77536,9.7192,1012.5,110.0,13.60688,15.55072,2026-10-02 20:50:00+00:00,2.8999999999999773,289.9999999999977,5.671476161771761,11.024442222298418,3.500805150183016,24.0,44.0,2026-10-02 20:50,2026-10-02 10:50
1015.4,90.0,7.77536,9.7192,1012.4,110.0,13.60688,15.55072,2026-10-02 21:00:00+00:00,3.0,300.0,5.867044305281177,11.404595402377764,3.6215225691548723,24.0,44.0,2026-10-02 21:00,2026-10-02 11:00
1015.3,90.0,7.77536,9.7192,1012.4,110.0,13.60688,15.55072,2026-10-02 21:10:00+00:00,2.8999999999999773,289.9999999999977,5.671476161771761,11.024442222298418,3.500805150183016,24.0,44.0,2026-10-02 21:10,2026-10-02 11:10
1015.2,90.0,7.77536,9.7192,1012.4,110.0,13.60688,15.55072,2026-10-02 21:20:00+00:00,2.800000000000068,280.0000000000068,5.475908018262565,10.644289042219505,3.3800877312112965,24.0,44.0,2026-10-02 21:20,2026-10-02 11:20
1015.1,90.0,7.77536,9.7192,1012.4,110.0,13.60688,15.55072,2026-10-02 21:30:00+00:00,2.7000000000000455,270.00000000000455,5.280339874753149,10.264135862140161,3.25937031223944,24.0,44.0,2026-10-02 21:30,2026-10-02 11:30
1015.0,100.0,7.77536,13.60688,1012.3,110.0,13.60688,15.55072,2026-10-02 21:40:00+00:00,2.7000000000000455,270.00000000000455,5.280339874753149,10.264135862140161,3.25937031223944,34.0,44.0,2026-10-02 21:40,2026-10-02 11:40
1014.9,100.0,7.77536,11.66304,1012.3,110.0,11.66304,15.55072,2026-10-02 21:50:00+00:00,2.6000000000000227,260.0000000000023,5.084771731243731,9.883982682060815,3.1386528932675835,34.0,44.0,2026-10-02 21:50,2026-10-02 11:50
1014.8,100.0,7.77536,9.7192,1012.2,110.0,11.66304,13.60688,2026-10-02 22:00:00+00:00,2.599999999999909,259.9999999999909,5.084771731243509,9.883982682060383,3.1386528932674462,34.0,44.0,2026-10-02 22:00,2026-10-02 12:00
1014.7,90.0,7.77536,9.7192,1012.0,110.0,11.66304,13.60688,2026-10-02 22:10:00+00:00,2.7000000000000455,270.00000000000455,5.280339874753149,10.264135862140161,3.25937031223944,24.0,44.0,2026-10-02 22:10,2026-10-02 12:10
1014.6,90.0,9.7192,11.66304,1011.8,110.0,11.66304,13.60688,2026-10-02 22:20:00+00:00,2.800000000000068,280.0000000000068,5.475908018262565,10.644289042219505,3.3800877312112965,24.0,44.0,2026-10-02 22:20,2026-10-02 12:20
1014.5,80.0,9.7192,11.66304,1011.7,110.0,11.66304,13.60688,2026-10-02 22:30:00+00:00,2.7999999999999545,279.99999999999545,5.475908018262343,10.644289042219073,3.3800877312111592,14.0,44.0,2026-10-02 22:30,2026-10-02 12:30
1014.4,80.0,9.7192,11.66304,1011.6,100.0,13.60688,15.55072,2026-10-02 22:40:00+00:00,2.7999999999999545,279.99999999999545,5.475908018262343,10.644289042219073,3.3800877312111592,14.0,34.0,2026-10-02 22:40,2026-10-02 12:40
1014.3,80.0,7.77536,9.7192,1011.5,100.0,11.66304,13.60688,2026-10-02 22:50:00+00:00,2.7999999999999545,279.99999999999545,5.475908018262343,10.644289042219073,3.3800877312111592,14.0,34.0,2026-10-02 22:50,2026-10-02 12:50
1014.1,80.0,7.77536,11.66304,1011.4,100.0,11.66304,13.60688,2026-10-02 23:00:00+00:00,2.7000000000000455,270.00000000000455,5.280339874753149,10.264135862140161,3.25937031223944,14.0,34.0,2026-10-02 23:00,2026-10-02 13:00
1014.0,90.0,7.77536,9.7192,1011.2,100.0,11.66304,13.60688,2026-10-02 23:10:00+00:00,2.7999999999999545,279.99999999999545,5.475908018262343,10.644289042219073,3.3800877312111592,24.0,34.0,2026-10-02 23:10,2026-10-02 13:10
1013.8,100.0,7.77536,9.7192,1010.8,100.0,13.60688,15.55072,2026-10-02 23:40:00+00:00,3.0,300.0,5.867044305281177,11.404595402377764,3.6215225691548723,34.0,34.0,2026-10-02 23:40,2026-10-02 13:40
1013.6,100.0,7.77536,11.66304,1010.8,100.0,13.60688,15.55072,2026-10-02 23:50:00+00:00,2.800000000000068,280.0000000000068,5.475908018262565,10.644289042219505,3.3800877312112965,34.0,34.0,2026-10-02 23:50,2026-10-02 13:50
1013.5,100.0,9.7192,11.66304,1010.7,100.0,13.60688,15.55072,2026-10-03 00:00:00+00:00,2.7999999999999545,279.99999999999545,5.475908018262343,10.644289042219073,3.3800877312111592,34.0,34.0,2026-10-03 00:00,2026-10-02 14:00
1013.4,100.0,9.7192,11.66304,1010.7,100.0,13.60688,15.55072,2026-10-03 00:10:00+00:00,2.699999999999932,269.9999999999932,5.280339874752927,10.26413586213973,3.259370312239303,34.0,34.0,2026-10-03 00:10,2026-10-02 14:10
1013.4,100.0,9.7192,11.66304,1010.6,100.0,13.60688,15.55072,2026-10-03 00:20:00+00:00,2.7999999999999545,279.99999999999545,5.475908018262343,10.644289042219073,3.3800877312111592,34.0,34.0,2026-10-03 00:20,2026-10-02 14:20
1013.2,100.0,9.7192,11.66304,1010.5,110.0,13.60688,15.55072,2026-10-03 00:30:00+00:00,2.7000000000000455,270.00000000000455,5.280339874753149,10.264135862140161,3.25937031223944,34.0,44.0,2026-10-03 00:30,2026-10-02 14:30
1013.2,90.0,9.7192,11.66304,1010.4,110.0,13.60688,15.55072,2026-10-03 00:40:00+00:00,2.800000000000068,280.0000000000068,5.475908018262565,10.644289042219505,3.3800877312112965,24.0,44.0,2026-10-03 00:40,2026-10-02 14:40
1013.1,90.0,9.7192,13.60688,1010.3,100.0,13.60688,15.55072,2026-10-03 00:50:00+00:00,2.800000000000068,280.0000000000068,5.475908018262565,10.644289042219505,3.3800877312112965,24.0,34.0,2026-10-03 00:50,2026-10-02 14:50
1013.0,90.0,9.7192,11.66304,1010.2,110.0,13.60688,15.55072,2026-10-03 01:00:00+00:00,2.7999999999999545,279.99999999999545,5.475908018262343,10.644289042219073,3.3800877312111592,24.0,44.0,2026-10-03 01:00,2026-10-02 15:00
1013.0,90.0,9.7192,13.60688,1010.2,100.0,13.60688,15.55072,2026-10-03 01:10:00+00:00,2.7999999999999545,279.99999999999545,5.475908018262343,10.644289042219073,3.3800877312111592,24.0,34.0,2026-10-03 01:10,2026-10-02 15:10
1013.0,90.0,9.7192,11.66304,1010.1,100.0,13.60688,15.55072,2026-10-03 01:20:00+00:00,2.8999999999999773,289.9999999999977,5.671476161771761,11.024442222298418,3.500805150183016,24.0,34.0,2026-10-03 01:20,2026-10-02 15:20
1012.9,90.0,9.7192,11.66304,1010.1,100.0,13.60688,15.55072,2026-10-03 01:30:00+00:00,2.7999999999999545,279.99999999999545,5.475908018262343,10.644289042219073,3.3800877312111592,24.0,34.0,2026-10-03 01:30,2026-10-02 15:30
1013.0,90.0,9.7192,11.66304,1010.0,100.0,13.60688,15.55072,2026-10-03 01:40:00+00:00,3.0,300.0,5.867044305281177,11.404595402377764,3.6215225691548723,24.0,34.0,2026-10-03 01:40,2026-10-02 15:40
1013.0,90.0,9.7192,11.66304,1010.0,100.0,11.66304,13.60688,2026-10-03 01:50:00+00:00,3.0,300.0,5.867044305281177,11.404595402377764,3.6215225691548723,24.0,34.0,2026-10-03 01:50,2026-10-02 15:50
1013.0,90.0,9.7192,11.66304,1010.1,90.0,13.60688,15.55072,2026-10-03 02:00:00+00:00,2.8999999999999773,289.9999999999977,5.671476161771761,11.024442222298418,3.500805150183016,24.0,24.0,2026-10-03 02:00,2026-10-02 16:00
1013.1,100.0,9.7192,13.60688,1010.1,100.0,11.66304,13.60688,2026-10-03 02:10:00+00:00,3.0,300.0,5.867044305281177,11.404595402377764,3.6215225691548723,34.0,34.0,2026-10-03 02:10,2026-10-02 16:10
1013.2,100.0,9.7192,13.60688,1010.3,100.0,11.66304,15.55072,2026-10-03 02:20:00+00:00,2.900000000000091,290.0000000000091,5.671476161771983,11.02444222229885,3.500805150183153,34.0,34.0,2026-10-03 02:20,2026-10-02 16:20
1013.3,90.0,9.7192,13.60688,1010.4,100.0,11.66304,13.60688,2026-10-03 02:30:00+00:00,2.8999999999999773,289.9999999999977,5.671476161771761,11.024442222298418,3.500805150183016,24.0,34.0,2026-10-03 02:30,2026-10-02 16:30
1013.3,90.0,9.7192,11.66304,1010.4,100.0,11.66304,13.60688,2026-10-03 02:40:00+00:00,2.8999999999999773,289.9999999999977,5.671476161771761,11.024442222298418,3.500805150183016,24.0,34.0,2026-10-03 02:40,2026-10-02 16:40
1013.4,100.0,11.66304,13.60688,1010.4,100.0,11.66304,13.60688,2026-10-03 02:50:00+00:00,3.0,300.0,5.867044305281177,11.404595402377764,3.6215225691548723,34.0,34.0,2026-10-03 02:50,2026-10-02 16:50
1013.5,100.0,9.7192,13.60688,1010.6,100.0,11.66304,13.60688,2026-10-03 03:00:00+00:00,2.8999999999999773,289.9999999999977,5.671476161771761,11.024442222298418,3.500805150183016,34.0,34.0,2026-10-03 03:00,2026-10-02 17:00
1013.6,90.0,9.7192,11.66304,1010.7,100.0,11.66304,13.60688,2026-10-03 03:10:00+00:00,2.8999999999999773,289.9999999999977,5.671476161771761,11.024442222298418,3.500805150183016,24.0,34.0,2026-10-03 03:10,2026-10-02 17:10
1013.7,90.0,9.7192,13.60688,1010.7,100.0,11.66304,13.60688,2026-10-03 03:20:00+00:00,3.0,300.0,5.867044305281177,11.404595402377764,3.6215225691548723,24.0,34.0,2026-10-03 03:20,2026-10-02 17:20
1013.8,80.0,11.66304,13.60688,1010.8,100.0,11.66304,13.60688,2026-10-03 03:30:00+00:00,3.0,300.0,5.867044305281177,11.404595402377764,3.6215225691548723,14.0,34.0,2026-10-03 03:30,2026-10-02 17:30
1013.9,90.0,13.60688,15.55072,1010.8,100.0,11.66304,15.55072,2026-10-03 03:40:00+00:00,3.1000000000000227,310.0000000000023,6.062612448790595,11.784748582457109,3.742239988126729,24.0,34.0,2026-10-03 03:40,2026-10-02 17:40
1014.1,80.0,13.60688,17.49456,1010.9,100.0,13.60688,13.60688,2026-10-03 03:50:00+00:00,3.2000000000000455,320.00000000000455,6.258180592300011,12.164901762536454,3.8629574070985857,14.0,34.0,2026-10-03 03:50,2026-10-02 17:50
1014.1,90.0,13.60688,15.55072,1011.0,90.0,13.60688,15.55072,2026-10-03 04:00:00+00:00,3.1000000000000227,310.0000000000023,6.062612448790595,11.784748582457109,3.742239988126729,24.0,24.0,2026-10-03 04:00,2026-10-02 18:00
1014.3,90.0,11.66304,15.55072,1011.1,90.0,13.60688,15.55072,2026-10-03 04:10:00+00:00,3.199999999999932,319.9999999999932,6.258180592299789,12.164901762536022,3.8629574070984485,24.0,24.0,2026-10-03 04:10,2026-10-02 18:10
1014.4,90.0,11.66304,15.55072,1011.2,100.0,11.66304,15.55072,2026-10-03 04:20:00+00:00,3.199999999999932,319.9999999999932,6.258180592299789,12.164901762536022,3.8629574070984485,24.0,34.0,2026-10-03 04:20,2026-10-02 18:20
1014.4,90.0,11.66304,13.60688,1011.4,90.0,11.66304,15.55072,2026-10-03 04:30:00+00:00,3.0,300.0,5.867044305281177,11.404595402377764,3.6215225691548723,24.0,24.0,2026-10-03 04:30,2026-10-02 18:30
1014.6,80.0,11.66304,15.55072,1011.4,90.0,11.66304,15.55072,2026-10-03 04:40:00+00:00,3.2000000000000455,320.00000000000455,6.258180592300011,12.164901762536454,3.8629574070985857,14.0,24.0,2026-10-03 04:40,2026-10-02 18:40
1014.7,80.0,11.66304,13.60688,1011.5,90.0,13.60688,15.55072,2026-10-03 04:50:00+00:00,3.2000000000000455,320.00000000000455,6.258180592300011,12.164901762536454,3.8629574070985857,14.0,24.0,2026-10-03 04:50,2026-10-02 18:50
1014.9,70.0,13.60688,15.55072,1011.6,90.0,13.60688,15.55072,2026-10-03 05:00:00+00:00,3.2999999999999545,329.99999999999545,6.4537487358092065,12.545054942615367,3.9836748260703048,4.0,24.0,2026-10-03 05:00,2026-10-02 19:00
1015.1,80.0,13.60688,15.55072,1011.7,90.0,13.60688,15.55072,2026-10-03 05:10:00+00:00,3.3999999999999773,339.9999999999977,6.649316879318623,12.925208122694713,4.1043922450421615,14.0,24.0,2026-10-03 05:10,2026-10-02 19:10
1015.1,80.0,13.60688,15.55072,1011.8,90.0,11.66304,15.55072,2026-10-03 05:20:00+00:00,3.300000000000068,330.0000000000068,6.4537487358094285,12.5450549426158,3.983674826070442,14.0,24.0,2026-10-03 05:20,2026-10-02 19:20
1015.2,80.0,11.66304,15.55072,1011.9,90.0,11.66304,13.60688,2026-10-03 05:30:00+00:00,3.300000000000068,330.0000000000068,6.4537487358094285,12.5450549426158,3.983674826070442,14.0,24.0,2026-10-03 05:30,2026-10-02 19:30
1015.4,80.0,11.66304,13.60688,1012.0,90.0,13.60688,15.55072,2026-10-03 05:40:00+00:00,3.3999999999999773,339.9999999999977,6.649316879318623,12.925208122694713,4.1043922450421615,14.0,24.0,2026-10-03 05:40,2026-10-02 19:40
1015.5,80.0,11.66304,15.55072,1012.1,90.0,13.60688,15.55072,2026-10-03 05:50:00+00:00,3.3999999999999773,339.9999999999977,6.649316879318623,12.925208122694713,4.1043922450421615,14.0,24.0,2026-10-03 05:50,2026-10-02 19:50
1015.7,80.0,13.60688,15.55072,1012.1,90.0,13.60688,15.55072,2026-10-03 06:00:00+00:00,3.6000000000000227,360.0000000000023,7.040453166337457,13.685514482853403,4.345827082985874,14.0,24.0,2026-10-03 06:00,2026-10-02 20:00
1015.7,80.0,11.66304,15.55072,1012.3,90.0,13.60688,15.55072,2026-10-03 06:10:00+00:00,3.400000000000091,340.0000000000091,6.649316879318846,12.925208122695146,4.104392245042298,14.0,24.0,2026-10-03 06:10,2026-10-02 20:10
1015.8,80.0,11.66304,15.55072,1012.5,90.0,13.60688,15.55072,2026-10-03 06:20:00+00:00,3.2999999999999545,329.99999999999545,6.4537487358092065,12.545054942615367,3.9836748260703048,14.0,24.0,2026-10-03 06:20,2026-10-02 20:20
1015.9,80.0,11.66304,15.55072,1012.6,90.0,13.60688,15.55072,2026-10-03 06:30:00+00:00,3.2999999999999545,329.99999999999545,6.4537487358092065,12.545054942615367,3.9836748260703048,14.0,24.0,2026-10-03 06:30,2026-10-02 20:30
1016.0,80.0,11.66304,15.55072,1012.6,90.0,13.60688,15.55072,2026-10-03 06:40:00+00:00,3.3999999999999773,339.9999999999977,6.649316879318623,12.925208122694713,4.1043922450421615,14.0,24.0,2026-10-03 06:40,2026-10-02 20:40
1016.0,80.0,11.66304,15.55072,1012.7,90.0,13.60688,15.55072,2026-10-03 06:50:00+00:00,3.2999999999999545,329.99999999999545,6.4537487358092065,12.545054942615367,3.9836748260703048,14.0,24.0,2026-10-03 06:50,2026-10-02 20:50
1016.0,80.0,11.66304,15.55072,1012.7,90.0,13.60688,15.55072,2026-10-03 07:00:00+00:00,3.2999999999999545,329.99999999999545,6.4537487358092065,12.545054942615367,3.9836748260703048,14.0,24.0,2026-10-03 07:00,2026-10-02 21:00
1016.0,90.0,11.66304,13.60688,1012.8,90.0,13.60688,15.55072,2026-10-03 07:10:00+00:00,3.2000000000000455,320.00000000000455,6.258180592300011,12.164901762536454,3.8629574070985857,24.0,24.0,2026-10-03 07:10,2026-10-02 21:10
1016.1,80.0,11.66304,13.60688,1012.8,90.0,13.60688,15.55072,2026-10-03 07:20:00+00:00,3.300000000000068,330.0000000000068,6.4537487358094285,12.5450549426158,3.983674826070442,14.0,24.0,2026-10-03 07:20,2026-10-02 21:20
1016.1,80.0,11.66304,13.60688,1012.8,90.0,13.60688,15.55072,2026-10-03 07:30:00+00:00,3.300000000000068,330.0000000000068,6.4537487358094285,12.5450549426158,3.983674826070442,14.0,24.0,2026-10-03 07:30,2026-10-02 21:30
1016.2,80.0,11.66304,13.60688,1012.9,90.0,13.60688,15.55072,2026-10-03 07:40:00+00:00,3.300000000000068,330.0000000000068,6.4537487358094285,12.5450549426158,3.983674826070442,14.0,24.0,2026-10-03 07:40,2026-10-02 21:40
1016.2,80.0,11.66304,13.60688,1013.0,90.0,13.60688,15.55072,2026-10-03 07:50:00+00:00,3.2000000000000455,320.00000000000455,6.258180592300011,12.164901762536454,3.8629574070985857,14.0,24.0,2026-10-03 07:50,2026-10-02 21:50
1016.2,80.0,11.66304,13.60688,1013.1,90.0,11.66304,13.60688,2026-10-03 08:00:00+00:00,3.1000000000000227,310.0000000000023,6.062612448790595,11.784748582457109,3.742239988126729,14.0,24.0,2026-10-03 08:00,2026-10-02 22:00
1016.2,70.0,11.66304,13.60688,1013.1,100.0,13.60688,15.55072,2026-10-03 08:10:00+00:00,3.1000000000000227,310.0000000000023,6.062612448790595,11.784748582457109,3.742239988126729,4.0,34.0,2026-10-03 08:10,2026-10-02 22:10
1016.2,80.0,11.66304,13.60688,1013.1,90.0,11.66304,15.55072,2026-10-03 08:20:00+00:00,3.1000000000000227,310.0000000000023,6.062612448790595,11.784748582457109,3.742239988126729,14.0,24.0,2026-10-03 08:20,2026-10-02 22:20
1016.1,80.0,11.66304,13.60688,1013.2,90.0,13.60688,15.55072,2026-10-03 08:30:00+00:00,2.8999999999999773,289.9999999999977,5.671476161771761,11.024442222298418,3.500805150183016,14.0,24.0,2026-10-03 08:30,2026-10-02 22:30
1016.2,80.0,11.66304,13.60688,1013.1,90.0,13.60688,15.55072,2026-10-03 08:40:00+00:00,3.1000000000000227,310.0000000000023,6.062612448790595,11.784748582457109,3.742239988126729,14.0,24.0,2026-10-03 08:40,2026-10-02 22:40
1016.2,70.0,11.66304,15.55072,1013.1,90.0,11.66304,15.55072,2026-10-03 08:50:00+00:00,3.1000000000000227,310.0000000000023,6.062612448790595,11.784748582457109,3.742239988126729,4.0,24.0,2026-10-03 08:50,2026-10-02 22:50
1016.1,80.0,11.66304,15.55072,1013.1,90.0,13.60688,15.55072,2026-10-03 09:00:00+00:00,3.0,300.0,5.867044305281177,11.404595402377764,3.6215225691548723,14.0,24.0,2026-10-03 09:00,2026-10-02 23:00
1016.1,70.0,11.66304,13.60688,1013.0,90.0,13.60688,15.55072,2026-10-03 09:10:00+00:00,3.1000000000000227,310.0000000000023,6.062612448790595,11.784748582457109,3.742239988126729,4.0,24.0,2026-10-03 09:10,2026-10-02 23:10
1016.0,70.0,11.66304,13.60688,1012.9,90.0,13.60688,15.55072,2026-10-03 09:20:00+00:00,3.1000000000000227,310.0000000000023,6.062612448790595,11.784748582457109,3.742239988126729,4.0,24.0,2026-10-03 09:20,2026-10-02 23:20
1016.0,70.0,11.66304,13.60688,1012.9,90.0,13.60688,15.55072,2026-10-03 09:30:00+00:00,3.1000000000000227,310.0000000000023,6.062612448790595,11.784748582457109,3.742239988126729,4.0,24.0,2026-10-03 09:30,2026-10-02 23:30
1016.0,70.0,11.66304,13.60688,1012.8,90.0,13.60688,15.55072,2026-10-03 09:40:00+00:00,3.2000000000000455,320.00000000000455,6.258180592300011,12.164901762536454,3.8629574070985857,4.0,24.0,2026-10-03 09:40,2026-10-02 23:40
1015.9,80.0,11.66304,13.60688,1012.8,90.0,13.60688,15.55072,2026-10-03 09:50:00+00:00,3.1000000000000227,310.0000000000023,6.062612448790595,11.784748582457109,3.742239988126729,14.0,24.0,2026-10-03 09:50,2026-10-02 23:50
1015.8,70.0,11.66304,13.60688,1012.8,90.0,13.60688,15.55072,2026-10-03 10:00:00+00:00,3.0,300.0,5.867044305281177,11.404595402377764,3.6215225691548723,4.0,24.0,2026-10-03 10:00,2026-10-03 00:00
1015.6,70.0,11.66304,15.55072,1012.8,90.0,13.60688,15.55072,2026-10-03 10:10:00+00:00,2.800000000000068,280.0000000000068,5.475908018262565,10.644289042219505,3.3800877312112965,4.0,24.0,2026-10-03 10:10,2026-10-03 00:10
1015.5,70.0,11.66304,15.55072,1012.8,90.0,13.60688,17.49456,2026-10-03 10:20:00+00:00,2.7000000000000455,270.00000000000455,5.280339874753149,10.264135862140161,3.25937031223944,4.0,24.0,2026-10-03 10:20,2026-10-03 00:20
1015.4,70.0,11.66304,15.55072,1012.9,90.0,13.60688,15.55072,2026-10-03 10:30:00+00:00,2.5,250.0,4.889203587734315,9.503829501981471,3.017935474295727,4.0,24.0,2026-10-03 10:30,2026-10-03 00:30
1015.4,70.0,11.66304,15.55072,1012.9,80.0,13.60688,15.55072,2026-10-03 10:40:00+00:00,2.5,250.0,4.889203587734315,9.503829501981471,3.017935474295727,4.0,14.0,2026-10-03 10:40,2026-10-03 00:40
1015.3,70.0,11.66304,15.55072,1012.8,80.0,13.60688,15.55072,2026-10-03 10:50:00+00:00,2.5,250.0,4.889203587734315,9.503829501981471,3.017935474295727,4.0,14.0,2026-10-03 10:50,2026-10-03 00:50
1015.2,70.0,11.66304,15.55072,1012.6,90.0,13.60688,15.55072,2026-10-03 11:00:00+00:00,2.6000000000000227,260.0000000000023,5.084771731243731,9.883982682060815,3.1386528932675835,4.0,24.0,2026-10-03 11:00,2026-10-03 01:00
1015.2,70.0,13.60688,15.55072,1012.6,90.0,13.60688,15.55072,2026-10-03 11:10:00+00:00,2.6000000000000227,260.0000000000023,5.084771731243731,9.883982682060815,3.1386528932675835,4.0,24.0,2026-10-03 11:10,2026-10-03 01:10
1015.1,70.0,11.66304,15.55072,1012.6,90.0,13.60688,15.55072,2026-10-03 11:20:00+00:00,2.5,250.0,4.889203587734315,9.503829501981471,3.017935474295727,4.0,24.0,2026-10-03 11:20,2026-10-03 01:20
1015.1,70.0,11.66304,13.60688,1012.4,90.0,13.60688,15.55072,2026-10-03 11:30:00+00:00,2.7000000000000455,270.00000000000455,5.280339874753149,10.264135862140161,3.25937031223944,4.0,24.0,2026-10-03 11:30,2026-10-03 01:30
1015.1,70.0,11.66304,13.60688,1012.3,90.0,13.60688,15.55072,2026-10-03 11:40:00+00:00,2.800000000000068,280.0000000000068,5.475908018262565,10.644289042219505,3.3800877312112965,4.0,24.0,2026-10-03 11:40,2026-10-03 01:40
1015.0,70.0,11.66304,15.55072,1012.3,100.0,13.60688,17.49456,2026-10-03 11:50:00+00:00,2.7000000000000455,270.00000000000455,5.280339874753149,10.264135862140161,3.25937031223944,4.0,34.0,2026-10-03 11:50,2026-10-03 01:50
1014.9,70.0,11.66304,13.60688,1012.3,90.0,13.60688,15.55072,2026-10-03 12:00:00+00:00,2.6000000000000227,260.0000000000023,5.084771731243731,9.883982682060815,3.1386528932675835,4.0,24.0,2026-10-03 12:00,2026-10-03 02:00
1014.8,70.0,11.66304,13.60688,1012.2,90.0,13.60688,15.55072,2026-10-03 12:10:00+00:00,2.599999999999909,259.9999999999909,5.084771731243509,9.883982682060383,3.1386528932674462,4.0,24.0,2026-10-03 12:10,2026-10-03 02:10
1014.7,70.0,11.66304,13.60688,1012.1,90.0,13.60688,17.49456,2026-10-03 12:20:00+00:00,2.6000000000000227,260.0000000000023,5.084771731243731,9.883982682060815,3.1386528932675835,4.0,24.0,2026-10-03 12:20,2026-10-03 02:20
1014.6,80.0,11.66304,13.60688,1012.0,90.0,13.60688,15.55072,2026-10-03 12:30:00+00:00,2.6000000000000227,260.0000000000023,5.084771731243731,9.883982682060815,3.1386528932675835,14.0,24.0,2026-10-03 12:30,2026-10-03 02:30
1014.6,80.0,11.66304,13.60688,1012.0,100.0,13.60688,15.55072,2026-10-03 12:40:00+00:00,2.6000000000000227,260.0000000000023,5.084771731243731,9.883982682060815,3.1386528932675835,14.0,34.0,2026-10-03 12:40,2026-10-03 02:40
1014.6,70.0,11.66304,13.60688,1012.0,90.0,13.60688,17.49456,2026-10-03 12:50:00+00:00,2.6000000000000227,260.0000000000023,5.084771731243731,9.883982682060815,3.1386528932675835,4.0,24.0,2026-10-03 12:50,2026-10-03 02:50
1014.6,80.0,9.7192,13.60688,1012.0,90.0,13.60688,15.55072,2026-10-03 13:00:00+00:00,2.6000000000000227,260.0000000000023,5.084771731243731,9.883982682060815,3.1386528932675835,14.0,24.0,2026-10-03 13:00,2026-10-03 03:00
1014.6,70.0,9.7192,11.66304,1012.1,90.0,13.60688,15.55072,2026-10-03 13:10:00+00:00,2.5,250.0,4.889203587734315,9.503829501981471,3.017935474295727,4.0,24.0,2026-10-03 13:10,2026-10-03 03:10
1014.6,80.0,9.7192,11.66304,1012.0,80.0,13.60688,15.55072,2026-10-03 13:20:00+00:00,2.6000000000000227,260.0000000000023,5.084771731243731,9.883982682060815,3.1386528932675835,14.0,14.0,2026-10-03 13:20,2026-10-03 03:20
1014.6,80.0,9.7192,11.66304,1012.0,90.0,13.60688,15.55072,2026-10-03 13:30:00+00:00,2.6000000000000227,260.0000000000023,5.084771731243731,9.883982682060815,3.1386528932675835,14.0,24.0,2026-10-03 13:30,2026-10-03 03:30
1014.7,80.0,9.7192,11.66304,1012.0,90.0,13.60688,15.55072,2026-10-03 13:40:00+00:00,2.7000000000000455,270.00000000000455,5.280339874753149,10.264135862140161,3.25937031223944,14.0,24.0,2026-10-03 13:40,2026-10-03 03:40
1014.7,80.0,9.7192,11.66304,1012.1,90.0,13.60688,15.55072,2026-10-03 13:50:00+00:00,2.6000000000000227,260.0000000000023,5.084771731243731,9.883982682060815,3.1386528932675835,14.0,24.0,2026-10-03 13:50,2026-10-03 03:50
1014.9,80.0,9.7192,11.66304,1012.0,90.0,13.60688,15.55072,2026-10-03 14:00:00+00:00,2.8999999999999773,289.9999999999977,5.671476161771761,11.024442222298418,3.500805150183016,14.0,24.0,2026-10-03 14:00,2026-10-03 04:00
1014.9,70.0,9.7192,11.66304,1012.1,90.0,13.60688,15.55072,2026-10-03 14:10:00+00:00,2.7999999999999545,279.99999999999545,5.475908018262343,10.644289042219073,3.3800877312111592,4.0,24.0,2026-10-03 14:10,2026-10-03 04:10
1015.1,70.0,9.7192,11.66304,1012.2,90.0,11.66304,15.55072,2026-10-03 14:20:00+00:00,2.8999999999999773,289.9999999999977,5.671476161771761,11.024442222298418,3.500805150183016,4.0,24.0,2026-10-03 14:20,2026-10-03 04:20
1015.2,90.0,7.77536,11.66304,1012.3,90.0,13.60688,15.55072,2026-10-03 14:30:00+00:00,2.900000000000091,290.0000000000091,5.671476161771983,11.02444222229885,3.500805150183153,24.0,24.0,2026-10-03 14:30,2026-10-03 04:30
1015.2,80.0,7.77536,9.7192,1012.2,90.0,13.60688,17.49456,2026-10-03 14:40:00+00:00,3.0,300.0,5.867044305281177,11.404595402377764,3.6215225691548723,14.0,24.0,2026-10-03 14:40,2026-10-03 04:40
1015.3,80.0,7.77536,13.60688,1012.3,90.0,13.60688,15.55072,2026-10-03 14:50:00+00:00,3.0,300.0,5.867044305281177,11.404595402377764,3.6215225691548723,14.0,24.0,2026-10-03 14:50,2026-10-03 04:50
1015.4,80.0,9.7192,11.66304,1012.3,90.0,13.60688,15.55072,2026-10-03 15:00:00+00:00,3.1000000000000227,310.0000000000023,6.062612448790595,11.784748582457109,3.742239988126729,14.0,24.0,2026-10-03 15:00,2026-10-03 05:00
1015.5,80.0,9.7192,11.66304,1012.4,90.0,13.60688,15.55072,2026-10-03 15:10:00+00:00,3.1000000000000227,310.0000000000023,6.062612448790595,11.784748582457109,3.742239988126729,14.0,24.0,2026-10-03 15:10,2026-10-03 05:10
1015.5,80.0,9.7192,11.66304,1012.4,90.0,13.60688,15.55072,2026-10-03 15:20:00+00:00,3.1000000000000227,310.0000000000023,6.062612448790595,11.784748582457109,3.742239988126729,14.0,24.0,2026-10-03 15:20,2026-10-03 05:20
1015.5,80.0,9.7192,11.66304,1012.4,80.0,13.60688,15.55072,2026-10-03 15:30:00+00:00,3.1000000000000227,310.0000000000023,6.062612448790595,11.784748582457109,3.742239988126729,14.0,14.0,2026-10-03 15:30,2026-10-03 05:30
1015.6,80.0,11.66304,15.55072,1012.3,80.0,13.60688,15.55072,2026-10-03 15:40:00+00:00,3.300000000000068,330.0000000000068,6.4537487358094285,12.5450549426158,3.983674826070442,14.0,14.0,2026-10-03 15:40,2026-10-03 05:40
